<?xml version="1.0" encoding="UTF-8"?>
<graphml xmlns="http://graphml.graphdrawing.org/xmlns" xmlns:xsi="http://www.w3.org/2001/XMLSchema-instance" xsi:schemaLocation="http://graphml.graphdrawing.org/xmlns http://graphml.graphdrawing.org/xmlns/1.0/graphml.xsd">
  <key id="key0" for="node" attr.name="coords" attr.type="string" />
  <key id="key1" for="edge" attr.name="weight" attr.type="double" />
  <graph id="G" edgedefault="directed" parse.nodeids="free" parse.edgeids="canonical" parse.order="nodesfirst">
    <node id="n0">
      <data key="key0">70,182</data>
    </node>
    <node id="n1">
      <data key="key0">68,55</data>
    </node>
    <node id="n2">
      <data key="key0">182.563,61.6017</data>
    </node>
    <node id="n3">
      <data key="key0">209.811,83.0826</data>
    </node>
    <node id="n4">
      <data key="key0">172.517,133.363</data>
    </node>
    <node id="n5">
      <data key="key0">153.478,157.941</data>
    </node>
    <node id="n6">
      <data key="key0">180.401,184.937</data>
    </node>
    <node id="n7">
      <data key="key0">235.526,186.343</data>
    </node>
    <node id="n8">
      <data key="key0">56.7835,81.6616</data>
    </node>
    <node id="n9">
      <data key="key0">86.7783,93.071</data>
    </node>
    <node id="n10">
      <data key="key0">144.636,94.1651</data>
    </node>
    <node id="n11">
      <data key="key0">93.7116,225.26</data>
    </node>
    <node id="n12">
      <data key="key0">127.688,225.737</data>
    </node>
    <node id="n13">
      <data key="key0">96.9881,165.795</data>
    </node>
    <node id="n14">
      <data key="key0">67.1991,234.444</data>
    </node>
    <node id="n15">
      <data key="key0">41.3912,162.233</data>
    </node>
    <node id="n16">
      <data key="key0">35.3192,188.05</data>
    </node>
    <node id="n17">
      <data key="key0">7.61752,192.612</data>
    </node>
    <node id="n18">
      <data key="key0">75.0223,216.629</data>
    </node>
    <node id="n19">
      <data key="key0">162.98,55.0542</data>
    </node>
    <node id="n20">
      <data key="key0">158.818,58.2066</data>
    </node>
    <node id="n21">
      <data key="key0">230.26,90.7881</data>
    </node>
    <node id="n22">
      <data key="key0">243.53,8.47009</data>
    </node>
    <node id="n23">
      <data key="key0">116.394,84.6485</data>
    </node>
    <node id="n24">
      <data key="key0">101.552,79.969</data>
    </node>
    <node id="n25">
      <data key="key0">76.7692,48.3116</data>
    </node>
    <node id="n26">
      <data key="key0">103.873,33.0019</data>
    </node>
    <node id="n27">
      <data key="key0">227.13,215.965</data>
    </node>
    <node id="n28">
      <data key="key0">205.565,209.281</data>
    </node>
    <node id="n29">
      <data key="key0">182.616,32.1157</data>
    </node>
    <node id="n30">
      <data key="key0">203.687,36.6237</data>
    </node>
    <node id="n31">
      <data key="key0">157.381,33.2821</data>
    </node>
    <node id="n32">
      <data key="key0">154.324,220.324</data>
    </node>
    <node id="n33">
      <data key="key0">138.482,206.588</data>
    </node>
    <node id="n34">
      <data key="key0">237.777,114.715</data>
    </node>
    <node id="n35">
      <data key="key0">214.397,117.551</data>
    </node>
    <node id="n36">
      <data key="key0">19.7541,177.02</data>
    </node>
    <node id="n37">
      <data key="key0">98.1634,108.617</data>
    </node>
    <node id="n38">
      <data key="key0">35.0775,71.9079</data>
    </node>
    <node id="n39">
      <data key="key0">32.4606,76.6575</data>
    </node>
    <node id="n40">
      <data key="key0">210.159,194.672</data>
    </node>
    <node id="n41">
      <data key="key0">169.033,93.0901</data>
    </node>
    <node id="n42">
      <data key="key0">14.3738,210.365</data>
    </node>
    <node id="n43">
      <data key="key0">20.803,211.218</data>
    </node>
    <node id="n44">
      <data key="key0">155.502,18.6683</data>
    </node>
    <node id="n45">
      <data key="key0">151.744,31.7843</data>
    </node>
    <node id="n46">
      <data key="key0">137.938,18.7257</data>
    </node>
    <node id="n47">
      <data key="key0">138.736,30.3652</data>
    </node>
    <node id="n48">
      <data key="key0">131.931,46.0468</data>
    </node>
    <node id="n49">
      <data key="key0">129.688,23.9281</data>
    </node>
    <node id="n50">
      <data key="key0">107.885,44.8504</data>
    </node>
    <node id="n51">
      <data key="key0">165.245,178.969</data>
    </node>
    <node id="n52">
      <data key="key0">130.259,172.887</data>
    </node>
    <node id="n53">
      <data key="key0">181.888,19.7491</data>
    </node>
    <node id="n54">
      <data key="key0">131.741,49.8046</data>
    </node>
    <node id="n55">
      <data key="key0">130.008,16.1006</data>
    </node>
    <node id="n56">
      <data key="key0">187.237,88.1446</data>
    </node>
    <node id="n57">
      <data key="key0">111.929,165.485</data>
    </node>
    <node id="n58">
      <data key="key0">127.234,60.8407</data>
    </node>
    <node id="n59">
      <data key="key0">120.835,57.5275</data>
    </node>
    <node id="n60">
      <data key="key0">128.07,69.128</data>
    </node>
    <node id="n61">
      <data key="key0">100.69,92.0226</data>
    </node>
    <node id="n62">
      <data key="key0">136.577,173.873</data>
    </node>
    <node id="n63">
      <data key="key0">205.411,45.3218</data>
    </node>
    <node id="n64">
      <data key="key0">216.898,39.772</data>
    </node>
    <node id="n65">
      <data key="key0">205.433,29.5383</data>
    </node>
    <node id="n66">
      <data key="key0">149.033,27.8686</data>
    </node>
    <node id="n67">
      <data key="key0">108.278,95.7115</data>
    </node>
    <node id="n68">
      <data key="key0">132.127,150.251</data>
    </node>
    <node id="n69">
      <data key="key0">206.714,35.7744</data>
    </node>
    <node id="n70">
      <data key="key0">143.839,36.607</data>
    </node>
    <node id="n71">
      <data key="key0">14.8563,139.927</data>
    </node>
    <node id="n72">
      <data key="key0">8.1377,146.704</data>
    </node>
    <node id="n73">
      <data key="key0">219.471,32.8135</data>
    </node>
    <node id="n74">
      <data key="key0">87.0108,58.5298</data>
    </node>
    <node id="n75">
      <data key="key0">97.7164,56.1034</data>
    </node>
    <node id="n76">
      <data key="key0">191.752,58.2414</data>
    </node>
    <node id="n77">
      <data key="key0">160.214,25.3412</data>
    </node>
    <node id="n78">
      <data key="key0">85.0293,83.5585</data>
    </node>
    <node id="n79">
      <data key="key0">52.0831,155.071</data>
    </node>
    <node id="n80">
      <data key="key0">51.6385,183.535</data>
    </node>
    <node id="n81">
      <data key="key0">93.9444,86.175</data>
    </node>
    <node id="n82">
      <data key="key0">162.475,35.6793</data>
    </node>
    <node id="n83">
      <data key="key0">213.286,39.6163</data>
    </node>
    <node id="n84">
      <data key="key0">92.0381,91.0784</data>
    </node>
    <node id="n85">
      <data key="key0">49.4842,169.796</data>
    </node>
    <node id="n86">
      <data key="key0">181.596,41.5436</data>
    </node>
    <node id="n87">
      <data key="key0">171.303,20.2153</data>
    </node>
    <node id="n88">
      <data key="key0">64.8359,166.355</data>
    </node>
    <node id="n89">
      <data key="key0">140.218,219.102</data>
    </node>
    <node id="n90">
      <data key="key0">134.923,210.781</data>
    </node>
    <node id="n91">
      <data key="key0">162.921,18.0131</data>
    </node>
    <node id="n92">
      <data key="key0">143.286,20.6143</data>
    </node>
    <node id="n93">
      <data key="key0">137.42,219.277</data>
    </node>
    <node id="n94">
      <data key="key0">123.103,231.73</data>
    </node>
    <node id="n95">
      <data key="key0">229.067,131.203</data>
    </node>
    <node id="n96">
      <data key="key0">223.255,127.194</data>
    </node>
    <node id="n97">
      <data key="key0">124.431,230.439</data>
    </node>
    <node id="n98">
      <data key="key0">251.676,129.112</data>
    </node>
    <node id="n99">
      <data key="key0">248.369,125.61</data>
    </node>
    <node id="n100">
      <data key="key0">251.688,142.504</data>
    </node>
    <node id="n101">
      <data key="key0">131.673,18.5814</data>
    </node>
    <node id="n102">
      <data key="key0">162.172,28.7566</data>
    </node>
    <node id="n103">
      <data key="key0">215.205,127.16</data>
    </node>
    <node id="n104">
      <data key="key0">238.48,94.187</data>
    </node>
    <node id="n105">
      <data key="key0">232.258,38.5458</data>
    </node>
    <node id="n106">
      <data key="key0">251.451,39.2595</data>
    </node>
    <node id="n107">
      <data key="key0">214.68,178.359</data>
    </node>
    <node id="n108">
      <data key="key0">191.01,179.974</data>
    </node>
    <node id="n109">
      <data key="key0">192.063,42.5396</data>
    </node>
    <node id="n110">
      <data key="key0">155.015,27.0122</data>
    </node>
    <node id="n111">
      <data key="key0">156.101,26.152</data>
    </node>
    <node id="n112">
      <data key="key0">185.383,148.803</data>
    </node>
    <node id="n113">
      <data key="key0">160.356,132.208</data>
    </node>
    <node id="n114">
      <data key="key0">161.147,72.6614</data>
    </node>
    <node id="n115">
      <data key="key0">252.385,130.107</data>
    </node>
    <node id="n116">
      <data key="key0">241.248,112.884</data>
    </node>
    <node id="n117">
      <data key="key0">213.226,106.134</data>
    </node>
    <node id="n118">
      <data key="key0">161.517,88.7139</data>
    </node>
    <node id="n119">
      <data key="key0">54.9545,176.161</data>
    </node>
    <node id="n120">
      <data key="key0">49.4842,169.796</data>
    </node>
    <node id="n121">
      <data key="key0">58.3644,173.336</data>
    </node>
    <node id="n122">
      <data key="key0">85.4181,51.9107</data>
    </node>
    <node id="n123">
      <data key="key0">52.0577,47.9811</data>
    </node>
    <node id="n124">
      <data key="key0">53.5797,65.6443</data>
    </node>
    <node id="n125">
      <data key="key0">61.5593,37.4818</data>
    </node>
    <node id="n126">
      <data key="key0">255.188,149.799</data>
    </node>
    <node id="n127">
      <data key="key0">255.753,145.326</data>
    </node>
    <node id="n128">
      <data key="key0">89.882,34.5401</data>
    </node>
    <node id="n129">
      <data key="key0">124.844,49.8534</data>
    </node>
    <node id="n130">
      <data key="key0">225.896,108.339</data>
    </node>
    <node id="n131">
      <data key="key0">221.619,113.059</data>
    </node>
    <node id="n132">
      <data key="key0">71.1239,34.9326</data>
    </node>
    <node id="n133">
      <data key="key0">68.3145,26.0122</data>
    </node>
    <node id="n134">
      <data key="key0">60.7677,50.4865</data>
    </node>
    <node id="n135">
      <data key="key0">121.48,43.3958</data>
    </node>
    <node id="n136">
      <data key="key0">238.71,65.7603</data>
    </node>
    <node id="n137">
      <data key="key0">53.523,173.279</data>
    </node>
    <node id="n138">
      <data key="key0">102.432,55.9756</data>
    </node>
    <node id="n139">
      <data key="key0">240.778,24.7409</data>
    </node>
    <node id="n140">
      <data key="key0">114.167,34.5644</data>
    </node>
    <node id="n141">
      <data key="key0">126.214,54.8435</data>
    </node>
    <node id="n142">
      <data key="key0">128.843,59.1148</data>
    </node>
    <node id="n143">
      <data key="key0">189.777,164.16</data>
    </node>
    <node id="n144">
      <data key="key0">184.452,170.029</data>
    </node>
    <node id="n145">
      <data key="key0">191.683,173.615</data>
    </node>
    <node id="n146">
      <data key="key0">162.912,24.6623</data>
    </node>
    <node id="n147">
      <data key="key0">163.51,24.3906</data>
    </node>
    <node id="n148">
      <data key="key0">159.951,21.7669</data>
    </node>
    <node id="n149">
      <data key="key0">114.298,40.888</data>
    </node>
    <node id="n150">
      <data key="key0">126.267,54.5805</data>
    </node>
    <node id="n151">
      <data key="key0">110.746,216.297</data>
    </node>
    <node id="n152">
      <data key="key0">112.104,218.587</data>
    </node>
    <node id="n153">
      <data key="key0">67.6257,96.7601</data>
    </node>
    <node id="n154">
      <data key="key0">81.5412,73.2747</data>
    </node>
    <node id="n155">
      <data key="key0">144.873,203.545</data>
    </node>
    <node id="n156">
      <data key="key0">141.011,232.065</data>
    </node>
    <node id="n157">
      <data key="key0">74.9274,85.2025</data>
    </node>
    <node id="n158">
      <data key="key0">79.2672,79.1653</data>
    </node>
    <node id="n159">
      <data key="key0">9.70671,72.5109</data>
    </node>
    <node id="n160">
      <data key="key0">10.2465,73.2782</data>
    </node>
    <node id="n161">
      <data key="key0">170.022,63.9181</data>
    </node>
    <node id="n162">
      <data key="key0">143.095,226.211</data>
    </node>
    <node id="n163">
      <data key="key0">30.5431,148.104</data>
    </node>
    <node id="n164">
      <data key="key0">35.7087,141.959</data>
    </node>
    <node id="n165">
      <data key="key0">108.265,38.3639</data>
    </node>
    <node id="n166">
      <data key="key0">108.697,36.2444</data>
    </node>
    <node id="n167">
      <data key="key0">137.825,52.6852</data>
    </node>
    <node id="n168">
      <data key="key0">141.37,51.4972</data>
    </node>
    <node id="n169">
      <data key="key0">164.146,28.7347</data>
    </node>
    <edge id="e0" source="n2" target="n3">
      <data key="key1">1</data>
    </edge>
    <edge id="e1" source="n3" target="n2">
      <data key="key1">1</data>
    </edge>
    <edge id="e2" source="n2" target="n4">
      <data key="key1">1</data>
    </edge>
    <edge id="e3" source="n4" target="n2">
      <data key="key1">1</data>
    </edge>
    <edge id="e4" source="n5" target="n4">
      <data key="key1">1</data>
    </edge>
    <edge id="e5" source="n4" target="n5">
      <data key="key1">1</data>
    </edge>
    <edge id="e6" source="n5" target="n6">
      <data key="key1">1</data>
    </edge>
    <edge id="e7" source="n6" target="n5">
      <data key="key1">1</data>
    </edge>
    <edge id="e8" source="n5" target="n7">
      <data key="key1">1</data>
    </edge>
    <edge id="e9" source="n7" target="n5">
      <data key="key1">1</data>
    </edge>
    <edge id="e10" source="n5" target="n0">
      <data key="key1">1</data>
    </edge>
    <edge id="e11" source="n0" target="n5">
      <data key="key1">1</data>
    </edge>
    <edge id="e12" source="n8" target="n1">
      <data key="key1">1</data>
    </edge>
    <edge id="e13" source="n1" target="n8">
      <data key="key1">1</data>
    </edge>
    <edge id="e14" source="n8" target="n9">
      <data key="key1">1</data>
    </edge>
    <edge id="e15" source="n9" target="n8">
      <data key="key1">1</data>
    </edge>
    <edge id="e16" source="n10" target="n4">
      <data key="key1">1</data>
    </edge>
    <edge id="e17" source="n4" target="n10">
      <data key="key1">1</data>
    </edge>
    <edge id="e18" source="n10" target="n9">
      <data key="key1">1</data>
    </edge>
    <edge id="e19" source="n9" target="n10">
      <data key="key1">1</data>
    </edge>
    <edge id="e20" source="n11" target="n12">
      <data key="key1">1</data>
    </edge>
    <edge id="e21" source="n12" target="n11">
      <data key="key1">1</data>
    </edge>
    <edge id="e22" source="n11" target="n0">
      <data key="key1">1</data>
    </edge>
    <edge id="e23" source="n0" target="n11">
      <data key="key1">1</data>
    </edge>
    <edge id="e24" source="n13" target="n0">
      <data key="key1">1</data>
    </edge>
    <edge id="e25" source="n0" target="n13">
      <data key="key1">1</data>
    </edge>
    <edge id="e26" source="n13" target="n14">
      <data key="key1">1</data>
    </edge>
    <edge id="e27" source="n14" target="n13">
      <data key="key1">1</data>
    </edge>
    <edge id="e28" source="n15" target="n16">
      <data key="key1">1</data>
    </edge>
    <edge id="e29" source="n16" target="n15">
      <data key="key1">1</data>
    </edge>
    <edge id="e30" source="n15" target="n0">
      <data key="key1">1</data>
    </edge>
    <edge id="e31" source="n0" target="n15">
      <data key="key1">1</data>
    </edge>
    <edge id="e32" source="n15" target="n17">
      <data key="key1">1</data>
    </edge>
    <edge id="e33" source="n17" target="n15">
      <data key="key1">1</data>
    </edge>
    <edge id="e34" source="n13" target="n5">
      <data key="key1">1</data>
    </edge>
    <edge id="e35" source="n5" target="n13">
      <data key="key1">1</data>
    </edge>
    <edge id="e36" source="n18" target="n14">
      <data key="key1">1</data>
    </edge>
    <edge id="e37" source="n14" target="n18">
      <data key="key1">1</data>
    </edge>
    <edge id="e38" source="n18" target="n11">
      <data key="key1">1</data>
    </edge>
    <edge id="e39" source="n11" target="n18">
      <data key="key1">1</data>
    </edge>
    <edge id="e40" source="n15" target="n13">
      <data key="key1">1</data>
    </edge>
    <edge id="e41" source="n13" target="n15">
      <data key="key1">1</data>
    </edge>
    <edge id="e42" source="n0" target="n18">
      <data key="key1">1</data>
    </edge>
    <edge id="e43" source="n18" target="n0">
      <data key="key1">1</data>
    </edge>
    <edge id="e44" source="n19" target="n20">
      <data key="key1">1</data>
    </edge>
    <edge id="e45" source="n20" target="n19">
      <data key="key1">1</data>
    </edge>
    <edge id="e46" source="n19" target="n2">
      <data key="key1">1</data>
    </edge>
    <edge id="e47" source="n2" target="n19">
      <data key="key1">1</data>
    </edge>
    <edge id="e48" source="n21" target="n3">
      <data key="key1">1</data>
    </edge>
    <edge id="e49" source="n3" target="n21">
      <data key="key1">1</data>
    </edge>
    <edge id="e50" source="n21" target="n22">
      <data key="key1">1</data>
    </edge>
    <edge id="e51" source="n22" target="n21">
      <data key="key1">1</data>
    </edge>
    <edge id="e52" source="n23" target="n24">
      <data key="key1">1</data>
    </edge>
    <edge id="e53" source="n24" target="n23">
      <data key="key1">1</data>
    </edge>
    <edge id="e54" source="n23" target="n10">
      <data key="key1">1</data>
    </edge>
    <edge id="e55" source="n10" target="n23">
      <data key="key1">1</data>
    </edge>
    <edge id="e56" source="n25" target="n1">
      <data key="key1">1</data>
    </edge>
    <edge id="e57" source="n1" target="n25">
      <data key="key1">1</data>
    </edge>
    <edge id="e58" source="n25" target="n26">
      <data key="key1">1</data>
    </edge>
    <edge id="e59" source="n26" target="n25">
      <data key="key1">1</data>
    </edge>
    <edge id="e60" source="n27" target="n28">
      <data key="key1">1</data>
    </edge>
    <edge id="e61" source="n28" target="n27">
      <data key="key1">1</data>
    </edge>
    <edge id="e62" source="n27" target="n7">
      <data key="key1">1</data>
    </edge>
    <edge id="e63" source="n7" target="n27">
      <data key="key1">1</data>
    </edge>
    <edge id="e64" source="n29" target="n30">
      <data key="key1">1</data>
    </edge>
    <edge id="e65" source="n30" target="n29">
      <data key="key1">1</data>
    </edge>
    <edge id="e66" source="n29" target="n31">
      <data key="key1">1</data>
    </edge>
    <edge id="e67" source="n31" target="n29">
      <data key="key1">1</data>
    </edge>
    <edge id="e68" source="n29" target="n2">
      <data key="key1">1</data>
    </edge>
    <edge id="e69" source="n2" target="n29">
      <data key="key1">1</data>
    </edge>
    <edge id="e70" source="n32" target="n33">
      <data key="key1">1</data>
    </edge>
    <edge id="e71" source="n33" target="n32">
      <data key="key1">1</data>
    </edge>
    <edge id="e72" source="n32" target="n12">
      <data key="key1">1</data>
    </edge>
    <edge id="e73" source="n12" target="n32">
      <data key="key1">1</data>
    </edge>
    <edge id="e74" source="n34" target="n35">
      <data key="key1">1</data>
    </edge>
    <edge id="e75" source="n35" target="n34">
      <data key="key1">1</data>
    </edge>
    <edge id="e76" source="n34" target="n21">
      <data key="key1">1</data>
    </edge>
    <edge id="e77" source="n21" target="n34">
      <data key="key1">1</data>
    </edge>
    <edge id="e78" source="n36" target="n16">
      <data key="key1">1</data>
    </edge>
    <edge id="e79" source="n16" target="n36">
      <data key="key1">1</data>
    </edge>
    <edge id="e80" source="n36" target="n17">
      <data key="key1">1</data>
    </edge>
    <edge id="e81" source="n17" target="n36">
      <data key="key1">1</data>
    </edge>
    <edge id="e82" source="n37" target="n9">
      <data key="key1">1</data>
    </edge>
    <edge id="e83" source="n9" target="n37">
      <data key="key1">1</data>
    </edge>
    <edge id="e84" source="n37" target="n24">
      <data key="key1">1</data>
    </edge>
    <edge id="e85" source="n24" target="n37">
      <data key="key1">1</data>
    </edge>
    <edge id="e86" source="n37" target="n23">
      <data key="key1">1</data>
    </edge>
    <edge id="e87" source="n23" target="n37">
      <data key="key1">1</data>
    </edge>
    <edge id="e88" source="n36" target="n15">
      <data key="key1">1</data>
    </edge>
    <edge id="e89" source="n15" target="n36">
      <data key="key1">1</data>
    </edge>
    <edge id="e90" source="n38" target="n39">
      <data key="key1">1</data>
    </edge>
    <edge id="e91" source="n39" target="n38">
      <data key="key1">1</data>
    </edge>
    <edge id="e92" source="n38" target="n8">
      <data key="key1">1</data>
    </edge>
    <edge id="e93" source="n8" target="n38">
      <data key="key1">1</data>
    </edge>
    <edge id="e94" source="n40" target="n28">
      <data key="key1">1</data>
    </edge>
    <edge id="e95" source="n28" target="n40">
      <data key="key1">1</data>
    </edge>
    <edge id="e96" source="n40" target="n7">
      <data key="key1">1</data>
    </edge>
    <edge id="e97" source="n7" target="n40">
      <data key="key1">1</data>
    </edge>
    <edge id="e98" source="n41" target="n10">
      <data key="key1">1</data>
    </edge>
    <edge id="e99" source="n10" target="n41">
      <data key="key1">1</data>
    </edge>
    <edge id="e100" source="n41" target="n2">
      <data key="key1">1</data>
    </edge>
    <edge id="e101" source="n2" target="n41">
      <data key="key1">1</data>
    </edge>
    <edge id="e102" source="n41" target="n4">
      <data key="key1">1</data>
    </edge>
    <edge id="e103" source="n4" target="n41">
      <data key="key1">1</data>
    </edge>
    <edge id="e104" source="n42" target="n43">
      <data key="key1">1</data>
    </edge>
    <edge id="e105" source="n43" target="n42">
      <data key="key1">1</data>
    </edge>
    <edge id="e106" source="n42" target="n17">
      <data key="key1">1</data>
    </edge>
    <edge id="e107" source="n17" target="n42">
      <data key="key1">1</data>
    </edge>
    <edge id="e108" source="n44" target="n45">
      <data key="key1">1</data>
    </edge>
    <edge id="e109" source="n45" target="n44">
      <data key="key1">1</data>
    </edge>
    <edge id="e110" source="n44" target="n31">
      <data key="key1">1</data>
    </edge>
    <edge id="e111" source="n31" target="n44">
      <data key="key1">1</data>
    </edge>
    <edge id="e112" source="n46" target="n47">
      <data key="key1">1</data>
    </edge>
    <edge id="e113" source="n47" target="n46">
      <data key="key1">1</data>
    </edge>
    <edge id="e114" source="n46" target="n44">
      <data key="key1">1</data>
    </edge>
    <edge id="e115" source="n44" target="n46">
      <data key="key1">1</data>
    </edge>
    <edge id="e116" source="n48" target="n49">
      <data key="key1">1</data>
    </edge>
    <edge id="e117" source="n49" target="n48">
      <data key="key1">1</data>
    </edge>
    <edge id="e118" source="n48" target="n25">
      <data key="key1">1</data>
    </edge>
    <edge id="e119" source="n25" target="n48">
      <data key="key1">1</data>
    </edge>
    <edge id="e120" source="n50" target="n26">
      <data key="key1">1</data>
    </edge>
    <edge id="e121" source="n26" target="n50">
      <data key="key1">1</data>
    </edge>
    <edge id="e122" source="n50" target="n48">
      <data key="key1">1</data>
    </edge>
    <edge id="e123" source="n48" target="n50">
      <data key="key1">1</data>
    </edge>
    <edge id="e124" source="n51" target="n6">
      <data key="key1">1</data>
    </edge>
    <edge id="e125" source="n6" target="n51">
      <data key="key1">1</data>
    </edge>
    <edge id="e126" source="n51" target="n52">
      <data key="key1">1</data>
    </edge>
    <edge id="e127" source="n52" target="n51">
      <data key="key1">1</data>
    </edge>
    <edge id="e128" source="n53" target="n29">
      <data key="key1">1</data>
    </edge>
    <edge id="e129" source="n29" target="n53">
      <data key="key1">1</data>
    </edge>
    <edge id="e130" source="n53" target="n44">
      <data key="key1">1</data>
    </edge>
    <edge id="e131" source="n44" target="n53">
      <data key="key1">1</data>
    </edge>
    <edge id="e132" source="n54" target="n48">
      <data key="key1">1</data>
    </edge>
    <edge id="e133" source="n48" target="n54">
      <data key="key1">1</data>
    </edge>
    <edge id="e134" source="n54" target="n55">
      <data key="key1">1</data>
    </edge>
    <edge id="e135" source="n55" target="n54">
      <data key="key1">1</data>
    </edge>
    <edge id="e136" source="n56" target="n41">
      <data key="key1">1</data>
    </edge>
    <edge id="e137" source="n41" target="n56">
      <data key="key1">1</data>
    </edge>
    <edge id="e138" source="n56" target="n3">
      <data key="key1">1</data>
    </edge>
    <edge id="e139" source="n3" target="n56">
      <data key="key1">1</data>
    </edge>
    <edge id="e140" source="n51" target="n5">
      <data key="key1">1</data>
    </edge>
    <edge id="e141" source="n5" target="n51">
      <data key="key1">1</data>
    </edge>
    <edge id="e142" source="n57" target="n13">
      <data key="key1">1</data>
    </edge>
    <edge id="e143" source="n13" target="n57">
      <data key="key1">1</data>
    </edge>
    <edge id="e144" source="n57" target="n52">
      <data key="key1">1</data>
    </edge>
    <edge id="e145" source="n52" target="n57">
      <data key="key1">1</data>
    </edge>
    <edge id="e146" source="n58" target="n59">
      <data key="key1">1</data>
    </edge>
    <edge id="e147" source="n59" target="n58">
      <data key="key1">1</data>
    </edge>
    <edge id="e148" source="n58" target="n60">
      <data key="key1">1</data>
    </edge>
    <edge id="e149" source="n60" target="n58">
      <data key="key1">1</data>
    </edge>
    <edge id="e150" source="n56" target="n2">
      <data key="key1">1</data>
    </edge>
    <edge id="e151" source="n2" target="n56">
      <data key="key1">1</data>
    </edge>
    <edge id="e152" source="n61" target="n24">
      <data key="key1">1</data>
    </edge>
    <edge id="e153" source="n24" target="n61">
      <data key="key1">1</data>
    </edge>
    <edge id="e154" source="n61" target="n9">
      <data key="key1">1</data>
    </edge>
    <edge id="e155" source="n9" target="n61">
      <data key="key1">1</data>
    </edge>
    <edge id="e156" source="n62" target="n52">
      <data key="key1">1</data>
    </edge>
    <edge id="e157" source="n52" target="n62">
      <data key="key1">1</data>
    </edge>
    <edge id="e158" source="n62" target="n5">
      <data key="key1">1</data>
    </edge>
    <edge id="e159" source="n5" target="n62">
      <data key="key1">1</data>
    </edge>
    <edge id="e160" source="n37" target="n61">
      <data key="key1">1</data>
    </edge>
    <edge id="e161" source="n61" target="n37">
      <data key="key1">1</data>
    </edge>
    <edge id="e162" source="n25" target="n50">
      <data key="key1">1</data>
    </edge>
    <edge id="e163" source="n50" target="n25">
      <data key="key1">1</data>
    </edge>
    <edge id="e164" source="n63" target="n30">
      <data key="key1">1</data>
    </edge>
    <edge id="e165" source="n30" target="n63">
      <data key="key1">1</data>
    </edge>
    <edge id="e166" source="n63" target="n64">
      <data key="key1">1</data>
    </edge>
    <edge id="e167" source="n64" target="n63">
      <data key="key1">1</data>
    </edge>
    <edge id="e168" source="n63" target="n65">
      <data key="key1">1</data>
    </edge>
    <edge id="e169" source="n65" target="n63">
      <data key="key1">1</data>
    </edge>
    <edge id="e170" source="n66" target="n45">
      <data key="key1">1</data>
    </edge>
    <edge id="e171" source="n45" target="n66">
      <data key="key1">1</data>
    </edge>
    <edge id="e172" source="n66" target="n31">
      <data key="key1">1</data>
    </edge>
    <edge id="e173" source="n31" target="n66">
      <data key="key1">1</data>
    </edge>
    <edge id="e174" source="n67" target="n61">
      <data key="key1">1</data>
    </edge>
    <edge id="e175" source="n61" target="n67">
      <data key="key1">1</data>
    </edge>
    <edge id="e176" source="n67" target="n23">
      <data key="key1">1</data>
    </edge>
    <edge id="e177" source="n23" target="n67">
      <data key="key1">1</data>
    </edge>
    <edge id="e178" source="n10" target="n67">
      <data key="key1">1</data>
    </edge>
    <edge id="e179" source="n67" target="n10">
      <data key="key1">1</data>
    </edge>
    <edge id="e180" source="n67" target="n37">
      <data key="key1">1</data>
    </edge>
    <edge id="e181" source="n37" target="n67">
      <data key="key1">1</data>
    </edge>
    <edge id="e182" source="n27" target="n40">
      <data key="key1">1</data>
    </edge>
    <edge id="e183" source="n40" target="n27">
      <data key="key1">1</data>
    </edge>
    <edge id="e184" source="n44" target="n66">
      <data key="key1">1</data>
    </edge>
    <edge id="e185" source="n66" target="n44">
      <data key="key1">1</data>
    </edge>
    <edge id="e186" source="n68" target="n5">
      <data key="key1">1</data>
    </edge>
    <edge id="e187" source="n5" target="n68">
      <data key="key1">1</data>
    </edge>
    <edge id="e188" source="n68" target="n52">
      <data key="key1">1</data>
    </edge>
    <edge id="e189" source="n52" target="n68">
      <data key="key1">1</data>
    </edge>
    <edge id="e190" source="n38" target="n1">
      <data key="key1">1</data>
    </edge>
    <edge id="e191" source="n1" target="n38">
      <data key="key1">1</data>
    </edge>
    <edge id="e192" source="n69" target="n30">
      <data key="key1">1</data>
    </edge>
    <edge id="e193" source="n30" target="n69">
      <data key="key1">1</data>
    </edge>
    <edge id="e194" source="n69" target="n65">
      <data key="key1">1</data>
    </edge>
    <edge id="e195" source="n65" target="n69">
      <data key="key1">1</data>
    </edge>
    <edge id="e196" source="n70" target="n48">
      <data key="key1">1</data>
    </edge>
    <edge id="e197" source="n48" target="n70">
      <data key="key1">1</data>
    </edge>
    <edge id="e198" source="n70" target="n59">
      <data key="key1">1</data>
    </edge>
    <edge id="e199" source="n59" target="n70">
      <data key="key1">1</data>
    </edge>
    <edge id="e200" source="n71" target="n72">
      <data key="key1">1</data>
    </edge>
    <edge id="e201" source="n72" target="n71">
      <data key="key1">1</data>
    </edge>
    <edge id="e202" source="n71" target="n15">
      <data key="key1">1</data>
    </edge>
    <edge id="e203" source="n15" target="n71">
      <data key="key1">1</data>
    </edge>
    <edge id="e204" source="n57" target="n68">
      <data key="key1">1</data>
    </edge>
    <edge id="e205" source="n68" target="n57">
      <data key="key1">1</data>
    </edge>
    <edge id="e206" source="n73" target="n64">
      <data key="key1">1</data>
    </edge>
    <edge id="e207" source="n64" target="n73">
      <data key="key1">1</data>
    </edge>
    <edge id="e208" source="n73" target="n69">
      <data key="key1">1</data>
    </edge>
    <edge id="e209" source="n69" target="n73">
      <data key="key1">1</data>
    </edge>
    <edge id="e210" source="n74" target="n75">
      <data key="key1">1</data>
    </edge>
    <edge id="e211" source="n75" target="n74">
      <data key="key1">1</data>
    </edge>
    <edge id="e212" source="n74" target="n25">
      <data key="key1">1</data>
    </edge>
    <edge id="e213" source="n25" target="n74">
      <data key="key1">1</data>
    </edge>
    <edge id="e214" source="n68" target="n62">
      <data key="key1">1</data>
    </edge>
    <edge id="e215" source="n62" target="n68">
      <data key="key1">1</data>
    </edge>
    <edge id="e216" source="n47" target="n66">
      <data key="key1">1</data>
    </edge>
    <edge id="e217" source="n66" target="n47">
      <data key="key1">1</data>
    </edge>
    <edge id="e218" source="n76" target="n2">
      <data key="key1">1</data>
    </edge>
    <edge id="e219" source="n2" target="n76">
      <data key="key1">1</data>
    </edge>
    <edge id="e220" source="n76" target="n77">
      <data key="key1">1</data>
    </edge>
    <edge id="e221" source="n77" target="n76">
      <data key="key1">1</data>
    </edge>
    <edge id="e222" source="n78" target="n9">
      <data key="key1">1</data>
    </edge>
    <edge id="e223" source="n9" target="n78">
      <data key="key1">1</data>
    </edge>
    <edge id="e224" source="n78" target="n24">
      <data key="key1">1</data>
    </edge>
    <edge id="e225" source="n24" target="n78">
      <data key="key1">1</data>
    </edge>
    <edge id="e226" source="n8" target="n78">
      <data key="key1">1</data>
    </edge>
    <edge id="e227" source="n78" target="n8">
      <data key="key1">1</data>
    </edge>
    <edge id="e228" source="n62" target="n51">
      <data key="key1">1</data>
    </edge>
    <edge id="e229" source="n51" target="n62">
      <data key="key1">1</data>
    </edge>
    <edge id="e230" source="n79" target="n15">
      <data key="key1">1</data>
    </edge>
    <edge id="e231" source="n15" target="n79">
      <data key="key1">1</data>
    </edge>
    <edge id="e232" source="n79" target="n80">
      <data key="key1">1</data>
    </edge>
    <edge id="e233" source="n80" target="n79">
      <data key="key1">1</data>
    </edge>
    <edge id="e234" source="n79" target="n13">
      <data key="key1">1</data>
    </edge>
    <edge id="e235" source="n13" target="n79">
      <data key="key1">1</data>
    </edge>
    <edge id="e236" source="n81" target="n61">
      <data key="key1">1</data>
    </edge>
    <edge id="e237" source="n61" target="n81">
      <data key="key1">1</data>
    </edge>
    <edge id="e238" source="n81" target="n78">
      <data key="key1">1</data>
    </edge>
    <edge id="e239" source="n78" target="n81">
      <data key="key1">1</data>
    </edge>
    <edge id="e240" source="n82" target="n31">
      <data key="key1">1</data>
    </edge>
    <edge id="e241" source="n31" target="n82">
      <data key="key1">1</data>
    </edge>
    <edge id="e242" source="n82" target="n77">
      <data key="key1">1</data>
    </edge>
    <edge id="e243" source="n77" target="n82">
      <data key="key1">1</data>
    </edge>
    <edge id="e244" source="n83" target="n64">
      <data key="key1">1</data>
    </edge>
    <edge id="e245" source="n64" target="n83">
      <data key="key1">1</data>
    </edge>
    <edge id="e246" source="n83" target="n69">
      <data key="key1">1</data>
    </edge>
    <edge id="e247" source="n69" target="n83">
      <data key="key1">1</data>
    </edge>
    <edge id="e248" source="n79" target="n0">
      <data key="key1">1</data>
    </edge>
    <edge id="e249" source="n0" target="n79">
      <data key="key1">1</data>
    </edge>
    <edge id="e250" source="n84" target="n81">
      <data key="key1">1</data>
    </edge>
    <edge id="e251" source="n81" target="n84">
      <data key="key1">1</data>
    </edge>
    <edge id="e252" source="n84" target="n9">
      <data key="key1">1</data>
    </edge>
    <edge id="e253" source="n9" target="n84">
      <data key="key1">1</data>
    </edge>
    <edge id="e254" source="n29" target="n82">
      <data key="key1">1</data>
    </edge>
    <edge id="e255" source="n82" target="n29">
      <data key="key1">1</data>
    </edge>
    <edge id="e256" source="n85" target="n15">
      <data key="key1">1</data>
    </edge>
    <edge id="e257" source="n15" target="n85">
      <data key="key1">1</data>
    </edge>
    <edge id="e258" source="n85" target="n80">
      <data key="key1">1</data>
    </edge>
    <edge id="e259" source="n80" target="n85">
      <data key="key1">1</data>
    </edge>
    <edge id="e260" source="n3" target="n76">
      <data key="key1">1</data>
    </edge>
    <edge id="e261" source="n76" target="n3">
      <data key="key1">1</data>
    </edge>
    <edge id="e262" source="n86" target="n29">
      <data key="key1">1</data>
    </edge>
    <edge id="e263" source="n29" target="n86">
      <data key="key1">1</data>
    </edge>
    <edge id="e264" source="n86" target="n76">
      <data key="key1">1</data>
    </edge>
    <edge id="e265" source="n76" target="n86">
      <data key="key1">1</data>
    </edge>
    <edge id="e266" source="n16" target="n85">
      <data key="key1">1</data>
    </edge>
    <edge id="e267" source="n85" target="n16">
      <data key="key1">1</data>
    </edge>
    <edge id="e268" source="n87" target="n53">
      <data key="key1">1</data>
    </edge>
    <edge id="e269" source="n53" target="n87">
      <data key="key1">1</data>
    </edge>
    <edge id="e270" source="n87" target="n77">
      <data key="key1">1</data>
    </edge>
    <edge id="e271" source="n77" target="n87">
      <data key="key1">1</data>
    </edge>
    <edge id="e272" source="n79" target="n85">
      <data key="key1">1</data>
    </edge>
    <edge id="e273" source="n85" target="n79">
      <data key="key1">1</data>
    </edge>
    <edge id="e274" source="n88" target="n85">
      <data key="key1">1</data>
    </edge>
    <edge id="e275" source="n85" target="n88">
      <data key="key1">1</data>
    </edge>
    <edge id="e276" source="n88" target="n0">
      <data key="key1">1</data>
    </edge>
    <edge id="e277" source="n0" target="n88">
      <data key="key1">1</data>
    </edge>
    <edge id="e278" source="n86" target="n2">
      <data key="key1">1</data>
    </edge>
    <edge id="e279" source="n2" target="n86">
      <data key="key1">1</data>
    </edge>
    <edge id="e280" source="n79" target="n88">
      <data key="key1">1</data>
    </edge>
    <edge id="e281" source="n88" target="n79">
      <data key="key1">1</data>
    </edge>
    <edge id="e282" source="n84" target="n61">
      <data key="key1">1</data>
    </edge>
    <edge id="e283" source="n61" target="n84">
      <data key="key1">1</data>
    </edge>
    <edge id="e284" source="n13" target="n88">
      <data key="key1">1</data>
    </edge>
    <edge id="e285" source="n88" target="n13">
      <data key="key1">1</data>
    </edge>
    <edge id="e286" source="n63" target="n83">
      <data key="key1">1</data>
    </edge>
    <edge id="e287" source="n83" target="n63">
      <data key="key1">1</data>
    </edge>
    <edge id="e288" source="n89" target="n90">
      <data key="key1">1</data>
    </edge>
    <edge id="e289" source="n90" target="n89">
      <data key="key1">1</data>
    </edge>
    <edge id="e290" source="n89" target="n33">
      <data key="key1">1</data>
    </edge>
    <edge id="e291" source="n33" target="n89">
      <data key="key1">1</data>
    </edge>
    <edge id="e292" source="n91" target="n44">
      <data key="key1">1</data>
    </edge>
    <edge id="e293" source="n44" target="n91">
      <data key="key1">1</data>
    </edge>
    <edge id="e294" source="n91" target="n77">
      <data key="key1">1</data>
    </edge>
    <edge id="e295" source="n77" target="n91">
      <data key="key1">1</data>
    </edge>
    <edge id="e296" source="n12" target="n89">
      <data key="key1">1</data>
    </edge>
    <edge id="e297" source="n89" target="n12">
      <data key="key1">1</data>
    </edge>
    <edge id="e298" source="n32" target="n89">
      <data key="key1">1</data>
    </edge>
    <edge id="e299" source="n89" target="n32">
      <data key="key1">1</data>
    </edge>
    <edge id="e300" source="n87" target="n91">
      <data key="key1">1</data>
    </edge>
    <edge id="e301" source="n91" target="n87">
      <data key="key1">1</data>
    </edge>
    <edge id="e302" source="n92" target="n46">
      <data key="key1">1</data>
    </edge>
    <edge id="e303" source="n46" target="n92">
      <data key="key1">1</data>
    </edge>
    <edge id="e304" source="n92" target="n66">
      <data key="key1">1</data>
    </edge>
    <edge id="e305" source="n66" target="n92">
      <data key="key1">1</data>
    </edge>
    <edge id="e306" source="n74" target="n1">
      <data key="key1">1</data>
    </edge>
    <edge id="e307" source="n1" target="n74">
      <data key="key1">1</data>
    </edge>
    <edge id="e308" source="n93" target="n89">
      <data key="key1">1</data>
    </edge>
    <edge id="e309" source="n89" target="n93">
      <data key="key1">1</data>
    </edge>
    <edge id="e310" source="n93" target="n94">
      <data key="key1">1</data>
    </edge>
    <edge id="e311" source="n94" target="n93">
      <data key="key1">1</data>
    </edge>
    <edge id="e312" source="n95" target="n96">
      <data key="key1">1</data>
    </edge>
    <edge id="e313" source="n96" target="n95">
      <data key="key1">1</data>
    </edge>
    <edge id="e314" source="n95" target="n34">
      <data key="key1">1</data>
    </edge>
    <edge id="e315" source="n34" target="n95">
      <data key="key1">1</data>
    </edge>
    <edge id="e316" source="n12" target="n93">
      <data key="key1">1</data>
    </edge>
    <edge id="e317" source="n93" target="n12">
      <data key="key1">1</data>
    </edge>
    <edge id="e318" source="n97" target="n94">
      <data key="key1">1</data>
    </edge>
    <edge id="e319" source="n94" target="n97">
      <data key="key1">1</data>
    </edge>
    <edge id="e320" source="n97" target="n12">
      <data key="key1">1</data>
    </edge>
    <edge id="e321" source="n12" target="n97">
      <data key="key1">1</data>
    </edge>
    <edge id="e322" source="n98" target="n99">
      <data key="key1">1</data>
    </edge>
    <edge id="e323" source="n99" target="n98">
      <data key="key1">1</data>
    </edge>
    <edge id="e324" source="n98" target="n100">
      <data key="key1">1</data>
    </edge>
    <edge id="e325" source="n100" target="n98">
      <data key="key1">1</data>
    </edge>
    <edge id="e326" source="n101" target="n55">
      <data key="key1">1</data>
    </edge>
    <edge id="e327" source="n55" target="n101">
      <data key="key1">1</data>
    </edge>
    <edge id="e328" source="n101" target="n49">
      <data key="key1">1</data>
    </edge>
    <edge id="e329" source="n49" target="n101">
      <data key="key1">1</data>
    </edge>
    <edge id="e330" source="n86" target="n82">
      <data key="key1">1</data>
    </edge>
    <edge id="e331" source="n82" target="n86">
      <data key="key1">1</data>
    </edge>
    <edge id="e332" source="n102" target="n77">
      <data key="key1">1</data>
    </edge>
    <edge id="e333" source="n77" target="n102">
      <data key="key1">1</data>
    </edge>
    <edge id="e334" source="n102" target="n31">
      <data key="key1">1</data>
    </edge>
    <edge id="e335" source="n31" target="n102">
      <data key="key1">1</data>
    </edge>
    <edge id="e336" source="n103" target="n96">
      <data key="key1">1</data>
    </edge>
    <edge id="e337" source="n96" target="n103">
      <data key="key1">1</data>
    </edge>
    <edge id="e338" source="n103" target="n35">
      <data key="key1">1</data>
    </edge>
    <edge id="e339" source="n35" target="n103">
      <data key="key1">1</data>
    </edge>
    <edge id="e340" source="n56" target="n76">
      <data key="key1">1</data>
    </edge>
    <edge id="e341" source="n76" target="n56">
      <data key="key1">1</data>
    </edge>
    <edge id="e342" source="n92" target="n44">
      <data key="key1">1</data>
    </edge>
    <edge id="e343" source="n44" target="n92">
      <data key="key1">1</data>
    </edge>
    <edge id="e344" source="n102" target="n87">
      <data key="key1">1</data>
    </edge>
    <edge id="e345" source="n87" target="n102">
      <data key="key1">1</data>
    </edge>
    <edge id="e346" source="n104" target="n21">
      <data key="key1">1</data>
    </edge>
    <edge id="e347" source="n21" target="n104">
      <data key="key1">1</data>
    </edge>
    <edge id="e348" source="n104" target="n105">
      <data key="key1">1</data>
    </edge>
    <edge id="e349" source="n105" target="n104">
      <data key="key1">1</data>
    </edge>
    <edge id="e350" source="n106" target="n105">
      <data key="key1">1</data>
    </edge>
    <edge id="e351" source="n105" target="n106">
      <data key="key1">1</data>
    </edge>
    <edge id="e352" source="n106" target="n22">
      <data key="key1">1</data>
    </edge>
    <edge id="e353" source="n22" target="n106">
      <data key="key1">1</data>
    </edge>
    <edge id="e354" source="n37" target="n84">
      <data key="key1">1</data>
    </edge>
    <edge id="e355" source="n84" target="n37">
      <data key="key1">1</data>
    </edge>
    <edge id="e356" source="n102" target="n82">
      <data key="key1">1</data>
    </edge>
    <edge id="e357" source="n82" target="n102">
      <data key="key1">1</data>
    </edge>
    <edge id="e358" source="n51" target="n4">
      <data key="key1">1</data>
    </edge>
    <edge id="e359" source="n4" target="n51">
      <data key="key1">1</data>
    </edge>
    <edge id="e360" source="n107" target="n40">
      <data key="key1">1</data>
    </edge>
    <edge id="e361" source="n40" target="n107">
      <data key="key1">1</data>
    </edge>
    <edge id="e362" source="n107" target="n108">
      <data key="key1">1</data>
    </edge>
    <edge id="e363" source="n108" target="n107">
      <data key="key1">1</data>
    </edge>
    <edge id="e364" source="n7" target="n107">
      <data key="key1">1</data>
    </edge>
    <edge id="e365" source="n107" target="n7">
      <data key="key1">1</data>
    </edge>
    <edge id="e366" source="n109" target="n86">
      <data key="key1">1</data>
    </edge>
    <edge id="e367" source="n86" target="n109">
      <data key="key1">1</data>
    </edge>
    <edge id="e368" source="n109" target="n30">
      <data key="key1">1</data>
    </edge>
    <edge id="e369" source="n30" target="n109">
      <data key="key1">1</data>
    </edge>
    <edge id="e370" source="n45" target="n110">
      <data key="key1">1</data>
    </edge>
    <edge id="e371" source="n110" target="n45">
      <data key="key1">1</data>
    </edge>
    <edge id="e372" source="n110" target="n111">
      <data key="key1">1</data>
    </edge>
    <edge id="e373" source="n111" target="n110">
      <data key="key1">1</data>
    </edge>
    <edge id="e374" source="n111" target="n31">
      <data key="key1">1</data>
    </edge>
    <edge id="e375" source="n31" target="n111">
      <data key="key1">1</data>
    </edge>
    <edge id="e376" source="n112" target="n4">
      <data key="key1">1</data>
    </edge>
    <edge id="e377" source="n4" target="n112">
      <data key="key1">1</data>
    </edge>
    <edge id="e378" source="n112" target="n108">
      <data key="key1">1</data>
    </edge>
    <edge id="e379" source="n108" target="n112">
      <data key="key1">1</data>
    </edge>
    <edge id="e380" source="n112" target="n5">
      <data key="key1">1</data>
    </edge>
    <edge id="e381" source="n5" target="n112">
      <data key="key1">1</data>
    </edge>
    <edge id="e382" source="n51" target="n112">
      <data key="key1">1</data>
    </edge>
    <edge id="e383" source="n112" target="n51">
      <data key="key1">1</data>
    </edge>
    <edge id="e384" source="n109" target="n29">
      <data key="key1">1</data>
    </edge>
    <edge id="e385" source="n29" target="n109">
      <data key="key1">1</data>
    </edge>
    <edge id="e386" source="n93" target="n90">
      <data key="key1">1</data>
    </edge>
    <edge id="e387" source="n90" target="n93">
      <data key="key1">1</data>
    </edge>
    <edge id="e388" source="n44" target="n111">
      <data key="key1">1</data>
    </edge>
    <edge id="e389" source="n111" target="n44">
      <data key="key1">1</data>
    </edge>
    <edge id="e390" source="n113" target="n4">
      <data key="key1">1</data>
    </edge>
    <edge id="e391" source="n4" target="n113">
      <data key="key1">1</data>
    </edge>
    <edge id="e392" source="n113" target="n114">
      <data key="key1">1</data>
    </edge>
    <edge id="e393" source="n114" target="n113">
      <data key="key1">1</data>
    </edge>
    <edge id="e394" source="n110" target="n66">
      <data key="key1">1</data>
    </edge>
    <edge id="e395" source="n66" target="n110">
      <data key="key1">1</data>
    </edge>
    <edge id="e396" source="n31" target="n110">
      <data key="key1">1</data>
    </edge>
    <edge id="e397" source="n110" target="n31">
      <data key="key1">1</data>
    </edge>
    <edge id="e398" source="n115" target="n98">
      <data key="key1">1</data>
    </edge>
    <edge id="e399" source="n98" target="n115">
      <data key="key1">1</data>
    </edge>
    <edge id="e400" source="n115" target="n95">
      <data key="key1">1</data>
    </edge>
    <edge id="e401" source="n95" target="n115">
      <data key="key1">1</data>
    </edge>
    <edge id="e402" source="n41" target="n113">
      <data key="key1">1</data>
    </edge>
    <edge id="e403" source="n113" target="n41">
      <data key="key1">1</data>
    </edge>
    <edge id="e404" source="n10" target="n113">
      <data key="key1">1</data>
    </edge>
    <edge id="e405" source="n113" target="n10">
      <data key="key1">1</data>
    </edge>
    <edge id="e406" source="n116" target="n34">
      <data key="key1">1</data>
    </edge>
    <edge id="e407" source="n34" target="n116">
      <data key="key1">1</data>
    </edge>
    <edge id="e408" source="n116" target="n117">
      <data key="key1">1</data>
    </edge>
    <edge id="e409" source="n117" target="n116">
      <data key="key1">1</data>
    </edge>
    <edge id="e410" source="n5" target="n113">
      <data key="key1">1</data>
    </edge>
    <edge id="e411" source="n113" target="n5">
      <data key="key1">1</data>
    </edge>
    <edge id="e412" source="n118" target="n41">
      <data key="key1">1</data>
    </edge>
    <edge id="e413" source="n41" target="n118">
      <data key="key1">1</data>
    </edge>
    <edge id="e414" source="n118" target="n114">
      <data key="key1">1</data>
    </edge>
    <edge id="e415" source="n114" target="n118">
      <data key="key1">1</data>
    </edge>
    <edge id="e416" source="n10" target="n118">
      <data key="key1">1</data>
    </edge>
    <edge id="e417" source="n118" target="n10">
      <data key="key1">1</data>
    </edge>
    <edge id="e418" source="n80" target="n119">
      <data key="key1">1</data>
    </edge>
    <edge id="e419" source="n119" target="n80">
      <data key="key1">1</data>
    </edge>
    <edge id="e420" source="n119" target="n120">
      <data key="key1">1</data>
    </edge>
    <edge id="e421" source="n120" target="n119">
      <data key="key1">1</data>
    </edge>
    <edge id="e422" source="n120" target="n121">
      <data key="key1">1</data>
    </edge>
    <edge id="e423" source="n121" target="n120">
      <data key="key1">1</data>
    </edge>
    <edge id="e424" source="n121" target="n88">
      <data key="key1">1</data>
    </edge>
    <edge id="e425" source="n88" target="n121">
      <data key="key1">1</data>
    </edge>
    <edge id="e426" source="n0" target="n121">
      <data key="key1">1</data>
    </edge>
    <edge id="e427" source="n121" target="n0">
      <data key="key1">1</data>
    </edge>
    <edge id="e428" source="n85" target="n120">
      <data key="key1">1</data>
    </edge>
    <edge id="e429" source="n120" target="n85">
      <data key="key1">1</data>
    </edge>
    <edge id="e430" source="n122" target="n74">
      <data key="key1">1</data>
    </edge>
    <edge id="e431" source="n74" target="n122">
      <data key="key1">1</data>
    </edge>
    <edge id="e432" source="n122" target="n123">
      <data key="key1">1</data>
    </edge>
    <edge id="e433" source="n123" target="n122">
      <data key="key1">1</data>
    </edge>
    <edge id="e434" source="n124" target="n8">
      <data key="key1">1</data>
    </edge>
    <edge id="e435" source="n8" target="n124">
      <data key="key1">1</data>
    </edge>
    <edge id="e436" source="n124" target="n123">
      <data key="key1">1</data>
    </edge>
    <edge id="e437" source="n123" target="n124">
      <data key="key1">1</data>
    </edge>
    <edge id="e438" source="n25" target="n122">
      <data key="key1">1</data>
    </edge>
    <edge id="e439" source="n122" target="n25">
      <data key="key1">1</data>
    </edge>
    <edge id="e440" source="n121" target="n85">
      <data key="key1">1</data>
    </edge>
    <edge id="e441" source="n85" target="n121">
      <data key="key1">1</data>
    </edge>
    <edge id="e442" source="n100" target="n115">
      <data key="key1">1</data>
    </edge>
    <edge id="e443" source="n115" target="n100">
      <data key="key1">1</data>
    </edge>
    <edge id="e444" source="n125" target="n123">
      <data key="key1">1</data>
    </edge>
    <edge id="e445" source="n123" target="n125">
      <data key="key1">1</data>
    </edge>
    <edge id="e446" source="n125" target="n1">
      <data key="key1">1</data>
    </edge>
    <edge id="e447" source="n1" target="n125">
      <data key="key1">1</data>
    </edge>
    <edge id="e448" source="n124" target="n38">
      <data key="key1">1</data>
    </edge>
    <edge id="e449" source="n38" target="n124">
      <data key="key1">1</data>
    </edge>
    <edge id="e450" source="n125" target="n25">
      <data key="key1">1</data>
    </edge>
    <edge id="e451" source="n25" target="n125">
      <data key="key1">1</data>
    </edge>
    <edge id="e452" source="n126" target="n127">
      <data key="key1">1</data>
    </edge>
    <edge id="e453" source="n127" target="n126">
      <data key="key1">1</data>
    </edge>
    <edge id="e454" source="n126" target="n100">
      <data key="key1">1</data>
    </edge>
    <edge id="e455" source="n100" target="n126">
      <data key="key1">1</data>
    </edge>
    <edge id="e456" source="n1" target="n124">
      <data key="key1">1</data>
    </edge>
    <edge id="e457" source="n124" target="n1">
      <data key="key1">1</data>
    </edge>
    <edge id="e458" source="n128" target="n26">
      <data key="key1">1</data>
    </edge>
    <edge id="e459" source="n26" target="n128">
      <data key="key1">1</data>
    </edge>
    <edge id="e460" source="n128" target="n129">
      <data key="key1">1</data>
    </edge>
    <edge id="e461" source="n129" target="n128">
      <data key="key1">1</data>
    </edge>
    <edge id="e462" source="n128" target="n122">
      <data key="key1">1</data>
    </edge>
    <edge id="e463" source="n122" target="n128">
      <data key="key1">1</data>
    </edge>
    <edge id="e464" source="n130" target="n117">
      <data key="key1">1</data>
    </edge>
    <edge id="e465" source="n117" target="n130">
      <data key="key1">1</data>
    </edge>
    <edge id="e466" source="n130" target="n34">
      <data key="key1">1</data>
    </edge>
    <edge id="e467" source="n34" target="n130">
      <data key="key1">1</data>
    </edge>
    <edge id="e468" source="n131" target="n130">
      <data key="key1">1</data>
    </edge>
    <edge id="e469" source="n130" target="n131">
      <data key="key1">1</data>
    </edge>
    <edge id="e470" source="n131" target="n35">
      <data key="key1">1</data>
    </edge>
    <edge id="e471" source="n35" target="n131">
      <data key="key1">1</data>
    </edge>
    <edge id="e472" source="n13" target="n11">
      <data key="key1">1</data>
    </edge>
    <edge id="e473" source="n11" target="n13">
      <data key="key1">1</data>
    </edge>
    <edge id="e474" source="n132" target="n133">
      <data key="key1">1</data>
    </edge>
    <edge id="e475" source="n133" target="n132">
      <data key="key1">1</data>
    </edge>
    <edge id="e476" source="n132" target="n125">
      <data key="key1">1</data>
    </edge>
    <edge id="e477" source="n125" target="n132">
      <data key="key1">1</data>
    </edge>
    <edge id="e478" source="n134" target="n1">
      <data key="key1">1</data>
    </edge>
    <edge id="e479" source="n1" target="n134">
      <data key="key1">1</data>
    </edge>
    <edge id="e480" source="n134" target="n123">
      <data key="key1">1</data>
    </edge>
    <edge id="e481" source="n123" target="n134">
      <data key="key1">1</data>
    </edge>
    <edge id="e482" source="n128" target="n132">
      <data key="key1">1</data>
    </edge>
    <edge id="e483" source="n132" target="n128">
      <data key="key1">1</data>
    </edge>
    <edge id="e484" source="n124" target="n134">
      <data key="key1">1</data>
    </edge>
    <edge id="e485" source="n134" target="n124">
      <data key="key1">1</data>
    </edge>
    <edge id="e486" source="n132" target="n25">
      <data key="key1">1</data>
    </edge>
    <edge id="e487" source="n25" target="n132">
      <data key="key1">1</data>
    </edge>
    <edge id="e488" source="n135" target="n129">
      <data key="key1">1</data>
    </edge>
    <edge id="e489" source="n129" target="n135">
      <data key="key1">1</data>
    </edge>
    <edge id="e490" source="n135" target="n48">
      <data key="key1">1</data>
    </edge>
    <edge id="e491" source="n48" target="n135">
      <data key="key1">1</data>
    </edge>
    <edge id="e492" source="n128" target="n25">
      <data key="key1">1</data>
    </edge>
    <edge id="e493" source="n25" target="n128">
      <data key="key1">1</data>
    </edge>
    <edge id="e494" source="n136" target="n21">
      <data key="key1">1</data>
    </edge>
    <edge id="e495" source="n21" target="n136">
      <data key="key1">1</data>
    </edge>
    <edge id="e496" source="n136" target="n105">
      <data key="key1">1</data>
    </edge>
    <edge id="e497" source="n105" target="n136">
      <data key="key1">1</data>
    </edge>
    <edge id="e498" source="n136" target="n106">
      <data key="key1">1</data>
    </edge>
    <edge id="e499" source="n106" target="n136">
      <data key="key1">1</data>
    </edge>
    <edge id="e500" source="n3" target="n136">
      <data key="key1">1</data>
    </edge>
    <edge id="e501" source="n136" target="n3">
      <data key="key1">1</data>
    </edge>
    <edge id="e502" source="n135" target="n49">
      <data key="key1">1</data>
    </edge>
    <edge id="e503" source="n49" target="n135">
      <data key="key1">1</data>
    </edge>
    <edge id="e504" source="n119" target="n85">
      <data key="key1">1</data>
    </edge>
    <edge id="e505" source="n85" target="n119">
      <data key="key1">1</data>
    </edge>
    <edge id="e506" source="n137" target="n119">
      <data key="key1">1</data>
    </edge>
    <edge id="e507" source="n119" target="n137">
      <data key="key1">1</data>
    </edge>
    <edge id="e508" source="n137" target="n121">
      <data key="key1">1</data>
    </edge>
    <edge id="e509" source="n121" target="n137">
      <data key="key1">1</data>
    </edge>
    <edge id="e510" source="n138" target="n75">
      <data key="key1">1</data>
    </edge>
    <edge id="e511" source="n75" target="n138">
      <data key="key1">1</data>
    </edge>
    <edge id="e512" source="n138" target="n50">
      <data key="key1">1</data>
    </edge>
    <edge id="e513" source="n50" target="n138">
      <data key="key1">1</data>
    </edge>
    <edge id="e514" source="n139" target="n105">
      <data key="key1">1</data>
    </edge>
    <edge id="e515" source="n105" target="n139">
      <data key="key1">1</data>
    </edge>
    <edge id="e516" source="n139" target="n22">
      <data key="key1">1</data>
    </edge>
    <edge id="e517" source="n22" target="n139">
      <data key="key1">1</data>
    </edge>
    <edge id="e518" source="n135" target="n50">
      <data key="key1">1</data>
    </edge>
    <edge id="e519" source="n50" target="n135">
      <data key="key1">1</data>
    </edge>
    <edge id="e520" source="n139" target="n106">
      <data key="key1">1</data>
    </edge>
    <edge id="e521" source="n106" target="n139">
      <data key="key1">1</data>
    </edge>
    <edge id="e522" source="n140" target="n26">
      <data key="key1">1</data>
    </edge>
    <edge id="e523" source="n26" target="n140">
      <data key="key1">1</data>
    </edge>
    <edge id="e524" source="n140" target="n141">
      <data key="key1">1</data>
    </edge>
    <edge id="e525" source="n141" target="n140">
      <data key="key1">1</data>
    </edge>
    <edge id="e526" source="n135" target="n140">
      <data key="key1">1</data>
    </edge>
    <edge id="e527" source="n140" target="n135">
      <data key="key1">1</data>
    </edge>
    <edge id="e528" source="n134" target="n125">
      <data key="key1">1</data>
    </edge>
    <edge id="e529" source="n125" target="n134">
      <data key="key1">1</data>
    </edge>
    <edge id="e530" source="n142" target="n58">
      <data key="key1">1</data>
    </edge>
    <edge id="e531" source="n58" target="n142">
      <data key="key1">1</data>
    </edge>
    <edge id="e532" source="n142" target="n141">
      <data key="key1">1</data>
    </edge>
    <edge id="e533" source="n141" target="n142">
      <data key="key1">1</data>
    </edge>
    <edge id="e534" source="n108" target="n143">
      <data key="key1">1</data>
    </edge>
    <edge id="e535" source="n143" target="n108">
      <data key="key1">1</data>
    </edge>
    <edge id="e536" source="n143" target="n144">
      <data key="key1">1</data>
    </edge>
    <edge id="e537" source="n144" target="n143">
      <data key="key1">1</data>
    </edge>
    <edge id="e538" source="n144" target="n51">
      <data key="key1">1</data>
    </edge>
    <edge id="e539" source="n51" target="n144">
      <data key="key1">1</data>
    </edge>
    <edge id="e540" source="n130" target="n21">
      <data key="key1">1</data>
    </edge>
    <edge id="e541" source="n21" target="n130">
      <data key="key1">1</data>
    </edge>
    <edge id="e542" source="n143" target="n112">
      <data key="key1">1</data>
    </edge>
    <edge id="e543" source="n112" target="n143">
      <data key="key1">1</data>
    </edge>
    <edge id="e544" source="n145" target="n108">
      <data key="key1">1</data>
    </edge>
    <edge id="e545" source="n108" target="n145">
      <data key="key1">1</data>
    </edge>
    <edge id="e546" source="n145" target="n144">
      <data key="key1">1</data>
    </edge>
    <edge id="e547" source="n144" target="n145">
      <data key="key1">1</data>
    </edge>
    <edge id="e548" source="n91" target="n146">
      <data key="key1">1</data>
    </edge>
    <edge id="e549" source="n146" target="n91">
      <data key="key1">1</data>
    </edge>
    <edge id="e550" source="n146" target="n147">
      <data key="key1">1</data>
    </edge>
    <edge id="e551" source="n147" target="n146">
      <data key="key1">1</data>
    </edge>
    <edge id="e552" source="n147" target="n102">
      <data key="key1">1</data>
    </edge>
    <edge id="e553" source="n102" target="n147">
      <data key="key1">1</data>
    </edge>
    <edge id="e554" source="n148" target="n77">
      <data key="key1">1</data>
    </edge>
    <edge id="e555" source="n77" target="n148">
      <data key="key1">1</data>
    </edge>
    <edge id="e556" source="n148" target="n146">
      <data key="key1">1</data>
    </edge>
    <edge id="e557" source="n146" target="n148">
      <data key="key1">1</data>
    </edge>
    <edge id="e558" source="n145" target="n143">
      <data key="key1">1</data>
    </edge>
    <edge id="e559" source="n143" target="n145">
      <data key="key1">1</data>
    </edge>
    <edge id="e560" source="n137" target="n85">
      <data key="key1">1</data>
    </edge>
    <edge id="e561" source="n85" target="n137">
      <data key="key1">1</data>
    </edge>
    <edge id="e562" source="n149" target="n140">
      <data key="key1">1</data>
    </edge>
    <edge id="e563" source="n140" target="n149">
      <data key="key1">1</data>
    </edge>
    <edge id="e564" source="n149" target="n50">
      <data key="key1">1</data>
    </edge>
    <edge id="e565" source="n50" target="n149">
      <data key="key1">1</data>
    </edge>
    <edge id="e566" source="n131" target="n34">
      <data key="key1">1</data>
    </edge>
    <edge id="e567" source="n34" target="n131">
      <data key="key1">1</data>
    </edge>
    <edge id="e568" source="n150" target="n141">
      <data key="key1">1</data>
    </edge>
    <edge id="e569" source="n141" target="n150">
      <data key="key1">1</data>
    </edge>
    <edge id="e570" source="n150" target="n129">
      <data key="key1">1</data>
    </edge>
    <edge id="e571" source="n129" target="n150">
      <data key="key1">1</data>
    </edge>
    <edge id="e572" source="n44" target="n148">
      <data key="key1">1</data>
    </edge>
    <edge id="e573" source="n148" target="n44">
      <data key="key1">1</data>
    </edge>
    <edge id="e574" source="n144" target="n112">
      <data key="key1">1</data>
    </edge>
    <edge id="e575" source="n112" target="n144">
      <data key="key1">1</data>
    </edge>
    <edge id="e576" source="n135" target="n149">
      <data key="key1">1</data>
    </edge>
    <edge id="e577" source="n149" target="n135">
      <data key="key1">1</data>
    </edge>
    <edge id="e578" source="n11" target="n151">
      <data key="key1">1</data>
    </edge>
    <edge id="e579" source="n151" target="n11">
      <data key="key1">1</data>
    </edge>
    <edge id="e580" source="n151" target="n152">
      <data key="key1">1</data>
    </edge>
    <edge id="e581" source="n152" target="n151">
      <data key="key1">1</data>
    </edge>
    <edge id="e582" source="n152" target="n97">
      <data key="key1">1</data>
    </edge>
    <edge id="e583" source="n97" target="n152">
      <data key="key1">1</data>
    </edge>
    <edge id="e584" source="n11" target="n152">
      <data key="key1">1</data>
    </edge>
    <edge id="e585" source="n152" target="n11">
      <data key="key1">1</data>
    </edge>
    <edge id="e586" source="n128" target="n50">
      <data key="key1">1</data>
    </edge>
    <edge id="e587" source="n50" target="n128">
      <data key="key1">1</data>
    </edge>
    <edge id="e588" source="n153" target="n8">
      <data key="key1">1</data>
    </edge>
    <edge id="e589" source="n8" target="n153">
      <data key="key1">1</data>
    </edge>
    <edge id="e590" source="n153" target="n154">
      <data key="key1">1</data>
    </edge>
    <edge id="e591" source="n154" target="n153">
      <data key="key1">1</data>
    </edge>
    <edge id="e592" source="n153" target="n9">
      <data key="key1">1</data>
    </edge>
    <edge id="e593" source="n9" target="n153">
      <data key="key1">1</data>
    </edge>
    <edge id="e594" source="n153" target="n78">
      <data key="key1">1</data>
    </edge>
    <edge id="e595" source="n78" target="n153">
      <data key="key1">1</data>
    </edge>
    <edge id="e596" source="n155" target="n33">
      <data key="key1">1</data>
    </edge>
    <edge id="e597" source="n33" target="n155">
      <data key="key1">1</data>
    </edge>
    <edge id="e598" source="n155" target="n156">
      <data key="key1">1</data>
    </edge>
    <edge id="e599" source="n156" target="n155">
      <data key="key1">1</data>
    </edge>
    <edge id="e600" source="n87" target="n147">
      <data key="key1">1</data>
    </edge>
    <edge id="e601" source="n147" target="n87">
      <data key="key1">1</data>
    </edge>
    <edge id="e602" source="n145" target="n107">
      <data key="key1">1</data>
    </edge>
    <edge id="e603" source="n107" target="n145">
      <data key="key1">1</data>
    </edge>
    <edge id="e604" source="n32" target="n155">
      <data key="key1">1</data>
    </edge>
    <edge id="e605" source="n155" target="n32">
      <data key="key1">1</data>
    </edge>
    <edge id="e606" source="n147" target="n91">
      <data key="key1">1</data>
    </edge>
    <edge id="e607" source="n91" target="n147">
      <data key="key1">1</data>
    </edge>
    <edge id="e608" source="n157" target="n78">
      <data key="key1">1</data>
    </edge>
    <edge id="e609" source="n78" target="n157">
      <data key="key1">1</data>
    </edge>
    <edge id="e610" source="n157" target="n154">
      <data key="key1">1</data>
    </edge>
    <edge id="e611" source="n154" target="n157">
      <data key="key1">1</data>
    </edge>
    <edge id="e612" source="n63" target="n69">
      <data key="key1">1</data>
    </edge>
    <edge id="e613" source="n69" target="n63">
      <data key="key1">1</data>
    </edge>
    <edge id="e614" source="n8" target="n157">
      <data key="key1">1</data>
    </edge>
    <edge id="e615" source="n157" target="n8">
      <data key="key1">1</data>
    </edge>
    <edge id="e616" source="n158" target="n154">
      <data key="key1">1</data>
    </edge>
    <edge id="e617" source="n154" target="n158">
      <data key="key1">1</data>
    </edge>
    <edge id="e618" source="n158" target="n78">
      <data key="key1">1</data>
    </edge>
    <edge id="e619" source="n78" target="n158">
      <data key="key1">1</data>
    </edge>
    <edge id="e620" source="n153" target="n157">
      <data key="key1">1</data>
    </edge>
    <edge id="e621" source="n157" target="n153">
      <data key="key1">1</data>
    </edge>
    <edge id="e622" source="n95" target="n130">
      <data key="key1">1</data>
    </edge>
    <edge id="e623" source="n130" target="n95">
      <data key="key1">1</data>
    </edge>
    <edge id="e624" source="n159" target="n160">
      <data key="key1">1</data>
    </edge>
    <edge id="e625" source="n160" target="n159">
      <data key="key1">1</data>
    </edge>
    <edge id="e626" source="n159" target="n39">
      <data key="key1">1</data>
    </edge>
    <edge id="e627" source="n39" target="n159">
      <data key="key1">1</data>
    </edge>
    <edge id="e628" source="n104" target="n136">
      <data key="key1">1</data>
    </edge>
    <edge id="e629" source="n136" target="n104">
      <data key="key1">1</data>
    </edge>
    <edge id="e630" source="n76" target="n136">
      <data key="key1">1</data>
    </edge>
    <edge id="e631" source="n136" target="n76">
      <data key="key1">1</data>
    </edge>
    <edge id="e632" source="n157" target="n158">
      <data key="key1">1</data>
    </edge>
    <edge id="e633" source="n158" target="n157">
      <data key="key1">1</data>
    </edge>
    <edge id="e634" source="n44" target="n110">
      <data key="key1">1</data>
    </edge>
    <edge id="e635" source="n110" target="n44">
      <data key="key1">1</data>
    </edge>
    <edge id="e636" source="n148" target="n91">
      <data key="key1">1</data>
    </edge>
    <edge id="e637" source="n91" target="n148">
      <data key="key1">1</data>
    </edge>
    <edge id="e638" source="n12" target="n152">
      <data key="key1">1</data>
    </edge>
    <edge id="e639" source="n152" target="n12">
      <data key="key1">1</data>
    </edge>
    <edge id="e640" source="n29" target="n102">
      <data key="key1">1</data>
    </edge>
    <edge id="e641" source="n102" target="n29">
      <data key="key1">1</data>
    </edge>
    <edge id="e642" source="n161" target="n19">
      <data key="key1">1</data>
    </edge>
    <edge id="e643" source="n19" target="n161">
      <data key="key1">1</data>
    </edge>
    <edge id="e644" source="n161" target="n114">
      <data key="key1">1</data>
    </edge>
    <edge id="e645" source="n114" target="n161">
      <data key="key1">1</data>
    </edge>
    <edge id="e646" source="n162" target="n156">
      <data key="key1">1</data>
    </edge>
    <edge id="e647" source="n156" target="n162">
      <data key="key1">1</data>
    </edge>
    <edge id="e648" source="n162" target="n89">
      <data key="key1">1</data>
    </edge>
    <edge id="e649" source="n89" target="n162">
      <data key="key1">1</data>
    </edge>
    <edge id="e650" source="n32" target="n162">
      <data key="key1">1</data>
    </edge>
    <edge id="e651" source="n162" target="n32">
      <data key="key1">1</data>
    </edge>
    <edge id="e652" source="n71" target="n163">
      <data key="key1">1</data>
    </edge>
    <edge id="e653" source="n163" target="n71">
      <data key="key1">1</data>
    </edge>
    <edge id="e654" source="n163" target="n164">
      <data key="key1">1</data>
    </edge>
    <edge id="e655" source="n164" target="n163">
      <data key="key1">1</data>
    </edge>
    <edge id="e656" source="n164" target="n79">
      <data key="key1">1</data>
    </edge>
    <edge id="e657" source="n79" target="n164">
      <data key="key1">1</data>
    </edge>
    <edge id="e658" source="n26" target="n149">
      <data key="key1">1</data>
    </edge>
    <edge id="e659" source="n149" target="n26">
      <data key="key1">1</data>
    </edge>
    <edge id="e660" source="n2" target="n161">
      <data key="key1">1</data>
    </edge>
    <edge id="e661" source="n161" target="n2">
      <data key="key1">1</data>
    </edge>
    <edge id="e662" source="n50" target="n165">
      <data key="key1">1</data>
    </edge>
    <edge id="e663" source="n165" target="n50">
      <data key="key1">1</data>
    </edge>
    <edge id="e664" source="n165" target="n166">
      <data key="key1">1</data>
    </edge>
    <edge id="e665" source="n166" target="n165">
      <data key="key1">1</data>
    </edge>
    <edge id="e666" source="n166" target="n140">
      <data key="key1">1</data>
    </edge>
    <edge id="e667" source="n140" target="n166">
      <data key="key1">1</data>
    </edge>
    <edge id="e668" source="n167" target="n168">
      <data key="key1">1</data>
    </edge>
    <edge id="e669" source="n168" target="n167">
      <data key="key1">1</data>
    </edge>
    <edge id="e670" source="n167" target="n54">
      <data key="key1">1</data>
    </edge>
    <edge id="e671" source="n54" target="n167">
      <data key="key1">1</data>
    </edge>
    <edge id="e672" source="n15" target="n163">
      <data key="key1">1</data>
    </edge>
    <edge id="e673" source="n163" target="n15">
      <data key="key1">1</data>
    </edge>
    <edge id="e674" source="n26" target="n165">
      <data key="key1">1</data>
    </edge>
    <edge id="e675" source="n165" target="n26">
      <data key="key1">1</data>
    </edge>
    <edge id="e676" source="n169" target="n102">
      <data key="key1">1</data>
    </edge>
    <edge id="e677" source="n102" target="n169">
      <data key="key1">1</data>
    </edge>
    <edge id="e678" source="n169" target="n146">
      <data key="key1">1</data>
    </edge>
    <edge id="e679" source="n146" target="n169">
      <data key="key1">1</data>
    </edge>
    <edge id="e680" source="n29" target="n169">
      <data key="key1">1</data>
    </edge>
    <edge id="e681" source="n169" target="n29">
      <data key="key1">1</data>
    </edge>
    <edge id="e682" source="n13" target="n18">
      <data key="key1">1</data>
    </edge>
    <edge id="e683" source="n18" target="n13">
      <data key="key1">1</data>
    </edge>
    <edge id="e684" source="n36" target="n163">
      <data key="key1">1</data>
    </edge>
    <edge id="e685" source="n163" target="n36">
      <data key="key1">1</data>
    </edge>
    <edge id="e686" source="n169" target="n82">
      <data key="key1">1</data>
    </edge>
    <edge id="e687" source="n82" target="n169">
      <data key="key1">1</data>
    </edge>
    <edge id="e688" source="n149" target="n165">
      <data key="key1">1</data>
    </edge>
    <edge id="e689" source="n165" target="n149">
      <data key="key1">1</data>
    </edge>
    <edge id="e690" source="n103" target="n131">
      <data key="key1">1</data>
    </edge>
    <edge id="e691" source="n131" target="n103">
      <data key="key1">1</data>
    </edge>
    <edge id="e692" source="n89" target="n155">
      <data key="key1">1</data>
    </edge>
    <edge id="e693" source="n155" target="n89">
      <data key="key1">1</data>
    </edge>
    <edge id="e694" source="n130" target="n116">
      <data key="key1">1</data>
    </edge>
    <edge id="e695" source="n116" target="n130">
      <data key="key1">1</data>
    </edge>
    <edge id="e696" source="n9" target="n157">
      <data key="key1">1</data>
    </edge>
    <edge id="e697" source="n157" target="n9">
      <data key="key1">1</data>
    </edge>
  </graph>
</graphml>